{
  "analysis_timestamp": "2025-06-25T18:25:23.480399",
  "summary": {
    "total_models_tested": 1,
    "successful_models": 1,
    "failed_models": 0,
    "test_cases_run": 1,
    "overall_statistics": {
      "average_score": 0.7562594905094905,
      "score_std_dev": 0,
      "average_response_time": 1.2879917621612549,
      "average_memory_usage": 13218.546875
    }
  },
  "model_rankings": [
    {
      "model_name": "gemma3:1b-it-qat",
      "composite_score": 0.6542390231168255,
      "overall_score": 0.7562594905094905,
      "success_rate": 1.0,
      "average_response_time": 1.2879917621612549,
      "average_memory_usage": 13218.546875,
      "rank": 1
    }
  ],
  "test_case_analysis": {
    "text_correction": {
      "scores": [
        0.7562594905094905
      ],
      "response_times": [],
      "success_rates": [
        0.9
      ],
      "model_performances": {
        "gemma3:1b-it-qat": {
          "score": 0.7562594905094905,
          "success_rate": 0.9
        }
      },
      "statistics": {
        "average_score": 0.7562594905094905,
        "score_std_dev": 0,
        "min_score": 0.7562594905094905,
        "max_score": 0.7562594905094905,
        "average_success_rate": 0.9,
        "average_response_time": 0,
        "models_tested": 1
      },
      "best_model": "gemma3:1b-it-qat",
      "worst_model": "gemma3:1b-it-qat"
    }
  },
  "performance_analysis": {
    "statistics": {
      "response_time_stats": {
        "average": 1.2879917621612549,
        "median": 1.2879917621612549,
        "std_dev": 0,
        "min": 1.2879917621612549,
        "max": 1.2879917621612549
      },
      "memory_usage_stats": {
        "average": 13218.546875,
        "median": 13218.546875,
        "std_dev": 0,
        "min": 13218.546875,
        "max": 13218.546875
      },
      "most_efficient_model": {
        "name": "gemma3:1b-it-qat",
        "efficiency_score": 0.04441953797717491,
        "quality_score": 0.7562594905094905,
        "response_time": 1.2879917621612549,
        "memory_usage": 13218.546875
      }
    },
    "efficiency_rankings": [
      [
        "gemma3:1b-it-qat",
        {
          "efficiency_score": 0.04441953797717491,
          "quality_score": 0.7562594905094905,
          "response_time": 1.2879917621612549,
          "memory_usage": 13218.546875
        }
      ]
    ]
  },
  "recommendations": [
    {
      "type": "best_overall",
      "title": "Best Overall Model",
      "description": "gemma3:1b-it-qat shows the best overall performance",
      "details": {
        "model": "gemma3:1b-it-qat",
        "composite_score": 0.6542390231168255,
        "overall_score": 0.7562594905094905,
        "response_time": 1.2879917621612549
      },
      "priority": "high"
    },
    {
      "type": "test_case_specific",
      "title": "Best for Text Correction",
      "description": "gemma3:1b-it-qat performs best on text_correction",
      "details": {
        "model": "gemma3:1b-it-qat",
        "test_case": "text_correction",
        "score": 0.7562594905094905
      },
      "priority": "low"
    }
  ],
  "statistical_insights": {
    "correlations": {},
    "distributions": {
      "score_distribution": {
        "mean": 0.7562594905094905,
        "median": 0.7562594905094905,
        "std_dev": 0,
        "range": 0.0
      }
    },
    "outliers": {},
    "trends": {}
  }
}