{
  "analysis_timestamp": "2025-06-25T18:24:16.484532",
  "summary": {
    "total_models_tested": 1,
    "successful_models": 1,
    "failed_models": 0,
    "test_cases_run": 1,
    "overall_statistics": {
      "average_score": 0.7898585858585858,
      "score_std_dev": 0,
      "average_response_time": 1.29484224319458,
      "average_memory_usage": 13071.17578125
    }
  },
  "model_rankings": [
    {
      "model_name": "gemma3:1b-it-qat",
      "composite_score": 0.6709533531135945,
      "overall_score": 0.7898585858585858,
      "success_rate": 1.0,
      "average_response_time": 1.29484224319458,
      "average_memory_usage": 13071.17578125,
      "rank": 1
    }
  ],
  "test_case_analysis": {
    "text_correction": {
      "scores": [
        0.7898585858585858
      ],
      "response_times": [],
      "success_rates": [
        0.9
      ],
      "model_performances": {
        "gemma3:1b-it-qat": {
          "score": 0.7898585858585858,
          "success_rate": 0.9
        }
      },
      "statistics": {
        "average_score": 0.7898585858585858,
        "score_std_dev": 0,
        "min_score": 0.7898585858585858,
        "max_score": 0.7898585858585858,
        "average_success_rate": 0.9,
        "average_response_time": 0,
        "models_tested": 1
      },
      "best_model": "gemma3:1b-it-qat",
      "worst_model": "gemma3:1b-it-qat"
    }
  },
  "performance_analysis": {
    "statistics": {
      "response_time_stats": {
        "average": 1.29484224319458,
        "median": 1.29484224319458,
        "std_dev": 0,
        "min": 1.29484224319458,
        "max": 1.29484224319458
      },
      "memory_usage_stats": {
        "average": 13071.17578125,
        "median": 13071.17578125,
        "std_dev": 0,
        "min": 13071.17578125,
        "max": 13071.17578125
      },
      "most_efficient_model": {
        "name": "gemma3:1b-it-qat",
        "efficiency_score": 0.0466678538141241,
        "quality_score": 0.7898585858585858,
        "response_time": 1.29484224319458,
        "memory_usage": 13071.17578125
      }
    },
    "efficiency_rankings": [
      [
        "gemma3:1b-it-qat",
        {
          "efficiency_score": 0.0466678538141241,
          "quality_score": 0.7898585858585858,
          "response_time": 1.29484224319458,
          "memory_usage": 13071.17578125
        }
      ]
    ]
  },
  "recommendations": [
    {
      "type": "best_overall",
      "title": "Best Overall Model",
      "description": "gemma3:1b-it-qat shows the best overall performance",
      "details": {
        "model": "gemma3:1b-it-qat",
        "composite_score": 0.6709533531135945,
        "overall_score": 0.7898585858585858,
        "response_time": 1.29484224319458
      },
      "priority": "high"
    },
    {
      "type": "test_case_specific",
      "title": "Best for Text Correction",
      "description": "gemma3:1b-it-qat performs best on text_correction",
      "details": {
        "model": "gemma3:1b-it-qat",
        "test_case": "text_correction",
        "score": 0.7898585858585858
      },
      "priority": "low"
    }
  ],
  "statistical_insights": {
    "correlations": {},
    "distributions": {
      "score_distribution": {
        "mean": 0.7898585858585858,
        "median": 0.7898585858585858,
        "std_dev": 0,
        "range": 0.0
      }
    },
    "outliers": {},
    "trends": {}
  }
}